medallion,hack_license,vendor_id,rate_code,store_and_fwd_flag,pickup_datetime,dropoff_datetime,passenger_count,trip_time_in_secs,trip_distance,pickup_longitude,pickup_latitude,dropoff_longitude,dropoff_latitude,payment_type,fare_amount,surcharge,mta_tax,tip_amount,tolls_amount,total_amount
B4AEED26051E81A988BC637F94AFC0E0,3E0E29757A565D061C189A20395ECA3F,CMT,1,N,2013-01-31 13:23:43,2013-01-31 13:51:48,1,1685,11.0,-73.86283900000001,40.769024,-73.972084,40.756924,CSH,33.0,0.0,0.5,0.0,4.8,38.3
F2316CB3ACFCC02AF1E6FEFF2691BF22,100042D6967772C7250299F15E83272F,CMT,1,N,2013-01-12 16:13:38,2013-01-12 16:22:56,2,557,1.6,-73.979309,40.762794,-74.000603,40.75782,CRD,8.5,1.0,0.5,4.0,0.0,14.0
DA2A0A9EBD9AFD25013CF83805B61D6D,A3BCE60F48302B63C4B7AAE443960704,CMT,1,N,2013-01-03 21:41:36,2013-01-03 21:52:01,1,624,1.5,-74.00412,40.722088,-74.005409,40.738234999999996,CRD,8.5,0.5,0.5,1.9,0.0,11.4
37D537A6D7C9F946F83836117A06E1B8,5163E12E32A7243525D47E26C929EB1C,VTS,1,,2013-01-22 18:04:00,2013-01-22 18:10:00,6,360,1.46,-73.944084,40.795258000000004,-73.942802,40.807526,CSH,6.5,1.0,0.5,0.0,0.0,8.0
955DB80D61CB0BF2202F767BF65141B1,3526BF13A72B64FEA6474344CD5235A0,VTS,1,,2013-01-19 09:14:00,2013-01-19 09:32:00,6,1080,4.26,-73.976166,40.790768,-73.987549,40.743908000000005,CRD,16.5,0.0,0.5,2.0,0.0,19.0
ECA93E35787F853C821C5436F61B3E41,9D8B31E5584117961016EF690F708721,CMT,1,N,2013-01-02 09:33:30,2013-01-02 09:34:04,1,33,0.0,-73.948936,40.745209,-73.948936,40.745209,CSH,2.5,0.0,0.5,0.0,0.0,3.0
85666EE5D2EDFDAC22041D2B6ACF0D71,23B8589D3F30AF4AB74749BF290B9B5C,CMT,1,N,2013-01-20 16:47:22,2013-01-20 16:55:47,4,504,2.1,-73.95503199999999,40.780224,-73.973778,40.754622999999995,CRD,9.0,0.0,0.5,1.1,0.0,10.6
5BFB943C2825E19C96D1EF2FA7CAB632,6B0AA28686657145083B430B72D70584,CMT,1,N,2013-01-06 23:58:28,2013-01-07 00:02:47,1,259,0.7,-73.997787,40.73637,-73.997787,40.73637,CSH,5.0,0.5,0.5,0.0,0.0,6.0
3AEEDFFB3524409B4C17DE01866FFD8D,34CFC6CDA6FD2B0546E4B42383D6216D,CMT,1,N,2013-01-03 21:35:11,2013-01-03 21:40:41,4,330,1.7,-73.99485,40.739994,-73.977859,40.761875,CSH,7.0,0.5,0.5,0.0,0.0,8.0
AEE02F4ED7EA876DFDF280C50C219AAC,8C7CF31E62F190FC81DA8219FA674C47,CMT,1,N,2013-01-23 07:28:45,2013-01-23 07:32:50,1,245,0.8,-74.007561,40.725262,-73.997353,40.725239,CSH,5.0,0.0,0.5,0.0,0.0,5.5
AF2AFE150933A35516D44836E1A37299,56A30ED494CDA6AD02C5B2F77A6CE80C,VTS,1,,2013-01-18 18:19:00,2013-01-18 18:23:00,1,240,0.86,-73.991989,40.737891999999995,-74.002388,40.734177,CSH,5.0,1.0,0.5,0.0,0.0,6.5
2BE8AF8C2AAA9791C731972187AAAE80,90199EE5D30AD2FC08F728F70B74BF32,VTS,1,,2013-01-26 02:07:00,2013-01-26 02:13:00,1,360,1.11,-73.991455,40.739036999999996,-74.003693,40.742664000000005,CSH,6.5,0.5,0.5,0.0,0.0,7.5
986B763D0A245A998B865F6AC1A055CA,1CC7F94BCC57F41DFBDE680D6984773C,CMT,1,N,2013-01-29 00:30:13,2013-01-29 00:36:10,1,356,2.2,-73.988472,40.748653000000004,-73.989616,40.772675,CRD,8.0,0.5,0.5,1.8,0.0,10.8
D42C563F8D432B33FBA62DD59184A6EB,4DC9D78A47DC3508FDEDF4C176965472,VTS,1,,2013-01-26 22:10:00,2013-01-26 22:18:00,1,480,1.56,-73.994316,40.722755,-73.99601700000001,40.736992,CRD,8.0,0.5,0.5,1.7,0.0,10.7
696321779D687411F2E5DF6991E9D474,23F9C64B453AE29002A74E46B3A4EA6C,VTS,1,,2013-01-08 18:14:00,2013-01-08 18:21:00,1,420,0.92,-74.00421899999999,40.733311,-73.999977,40.723553,CSH,6.0,1.0,0.5,0.0,0.0,7.5
58DF8C30CE3BF72E9CF88B77AC18B04B,E8F7A4624C6D8BC88F8914F20315F14C,CMT,1,N,2013-01-10 18:08:58,2013-01-10 18:13:11,1,253,0.4,-74.00444,40.707497,-74.010315,40.711372,DIS,4.5,1.0,0.5,0.0,0.0,6.0
9961D9B1E2F8C5BC0DFCE3CEBDD4E742,DCE80E41BD7F59EB62A3EF1E6E4F4478,CMT,1,N,2013-01-26 07:48:19,2013-01-26 07:49:43,1,83,0.5,-73.990532,40.761555,-73.98779300000001,40.756221999999994,CSH,3.5,0.0,0.5,0.0,0.0,4.0
EA8134D51D258F98C4A67A7A982604BD,272CA96BFD86C13C7B526EF41137D9B7,VTS,1,,2013-01-25 11:48:00,2013-01-25 11:50:00,1,120,0.67,-73.96746800000001,40.766109,-73.963638,40.773635999999996,CRD,4.5,0.0,0.5,1.0,0.0,6.0
0BC78FA149D8D784815895BD33F17EE1,E283306B8C94BC6AD197480FABBA1F34,VTS,1,,2013-01-05 17:22:00,2013-01-05 17:28:00,1,360,0.92,-73.97330500000001,40.755001,-73.972809,40.74514,CRD,6.0,0.0,0.5,1.2,0.0,7.7
1E82142BA320EA88F9BA0A8F2D25AE52,19EA5EDCC479EE253B7464C052A20195,VTS,1,,2013-01-19 12:12:00,2013-01-19 12:27:00,1,900,5.23,-74.00810200000001,40.748661,-73.967827,40.801361,CSH,18.0,0.0,0.5,0.0,0.0,18.5
7F16B2F1EB5824CC82D2329AEDC6FAAC,21B1027F00B0019EA43CC728A72FC96E,CMT,1,N,2013-01-08 13:12:08,2013-01-08 13:19:11,2,423,0.4,-73.974457,40.76355,-73.967911,40.759964000000004,CRD,6.0,0.0,0.5,1.62,0.0,8.12
1A6239D3039EA4571E4FBE02B24042FC,401C1D15582C50C03C878331EC046DDF,VTS,1,,2013-01-16 18:26:00,2013-01-16 18:46:00,1,1200,7.47,-73.985184,40.760342,-73.978638,40.656979,CRD,23.5,1.0,0.5,4.9,4.8,34.7
FB43AD4A3479A18D709F045DEFE0D42F,048A0C2226DB36B646A8D652BF5F3A5F,CMT,1,N,2013-01-01 15:07:12,2013-01-01 15:19:55,1,762,1.4,-73.985283,40.766869,-73.977829,40.752978999999996,CSH,9.5,0.0,0.5,0.0,0.0,10.0
8F02741F45C2AFCB625BB4DFB6097A54,53CA066CF30DB091D06390EDDA6CEA5B,CMT,1,N,2013-01-16 16:49:30,2013-01-16 16:56:44,1,433,1.0,-73.99379,40.751839000000004,-73.97776,40.753452,CSH,6.5,1.0,0.5,0.0,0.0,8.0
A23AAC8F4C10E37E56B5E8439DF6A037,4351DF474D353F0C5A79A946331630D3,VTS,1,,2013-01-20 02:36:00,2013-01-20 02:48:00,1,720,3.85,-73.990967,40.750175,-73.970886,40.795792,CSH,13.0,0.5,0.5,0.0,0.0,14.0
E0FF83B00BBE193D93702125B41CFDF5,390C881D098710F34285219371C589C1,VTS,1,,2013-01-31 12:29:00,2013-01-31 12:51:00,1,1320,0.2,-74.00643199999999,40.732704,-73.983261,40.744743,CSH,14.5,0.0,0.5,0.0,0.0,15.0
1920DC2DE67BFC92C700DAE5A0C80E21,A224A981EAB397986346B0657BE74C2B,CMT,1,N,2013-01-26 13:17:00,2013-01-26 13:25:56,2,535,2.2,-73.983688,40.741283,-73.96637,40.767761,CSH,9.5,0.0,0.5,0.0,0.0,10.0
8F6D8C51B43D322F0AEF6D2B877862C3,40A2CA0CC60F5E11D5EA046244754406,VTS,1,,2013-01-20 10:46:00,2013-01-20 10:53:00,5,420,2.42,-73.99769599999999,40.720848,-73.989449,40.747768,CRD,8.5,0.0,0.5,1.7,0.0,10.7
BFB98061C0C71C533F3376D7FFD3A60B,63079873A7883FD8BA71969D0AB487BB,CMT,1,N,2013-01-20 02:34:10,2013-01-20 02:51:32,2,1042,5.0,-74.00421899999999,40.742340000000006,-73.979523,40.788754,CRD,17.5,0.5,0.5,3.7,0.0,22.2
9D1F8A3E48DD3913600A9546E5E3574D,24999ABAEC3B0F1F4E22D5B68F3F8A6F,VTS,2,,2013-01-30 14:54:00,2013-01-30 15:27:00,6,1980,17.5,-73.783638,40.648701,-73.984077,40.754985999999995,CRD,52.0,0.0,0.5,10.4,4.8,67.7
6E25957F0AE0AAA6EDB6F7114E3034E7,DFE22D70367EDC4E46427B9481738605,VTS,1,,2013-01-07 11:12:00,2013-01-07 11:17:00,1,300,0.95,-73.965347,40.763111,-73.95468100000001,40.769051,CRD,5.5,0.0,0.5,1.1,0.0,7.1
C6E731DB7956CFE2D0CE42DDD710552B,5682C07954E9B555F3809EB59CA3EA51,VTS,2,,2013-01-19 15:15:00,2013-01-19 15:49:00,6,2040,17.73,-73.78698,40.641281,-73.985504,40.757603,CSH,52.0,0.0,0.5,0.0,4.8,57.3
CBA5A347BB1107C22444175A81393D41,BBD29DBBF2E144116769FD1A6FFEA782,CMT,1,N,2013-01-03 09:22:54,2013-01-03 09:50:39,1,1665,6.1,-73.967392,40.766483,-74.014786,40.711311,CSH,23.5,0.0,0.5,0.0,0.0,24.0
B32CF5747DE22778B75A253286DC883F,2119F110EBDE9299830F24D8F88E9E7F,CMT,1,N,2013-01-12 22:35:20,2013-01-12 22:45:22,1,602,2.5,-73.972107,40.782047,-73.967934,40.755817,CRD,10.0,0.5,0.5,2.2,0.0,13.2
889230A3561FAED3590C258FDDB97620,E0F300E8141566DCF1CBA72F463B0703,VTS,1,,2013-01-17 00:23:00,2013-01-17 00:43:00,1,1200,7.67,-73.991417,40.744411,-73.947716,40.817745,CRD,25.0,0.5,0.5,3.5,0.0,29.5
FF2F8AB4ECBC4859813819E5A42BD3A9,AA6CD33117752A53F368E6C028B8F727,CMT,1,N,2013-01-22 19:02:19,2013-01-22 19:10:22,1,483,1.8,-73.98584699999999,40.756645,-73.984314,40.737353999999996,CRD,8.0,1.0,0.5,2.35,0.0,11.85
1C9A882CEE5AAE1CFE4080EF65F0FF81,648327ACC32B9028F86AD9B32F5DC51B,CMT,1,N,2013-01-24 21:01:30,2013-01-24 21:28:19,1,1609,5.3,-73.99640699999999,40.753262,-73.957886,40.710949,CRD,21.5,0.5,0.5,3.5,0.0,26.0
1BEEA74F93CD153F6CAF0601551EFBFC,4D5B9D2700B465B742161DF320C51BCA,CMT,1,N,2013-01-06 12:46:41,2013-01-06 12:58:22,1,700,5.0,0.0,0.0,0.0,0.0,CRD,16.5,0.0,0.5,3.4,0.0,20.4
007A1FC063DA40140AF6BFB43A047444,2D153C7F2F32720BE888136A68284E36,CMT,1,N,2013-01-16 13:21:09,2013-01-16 13:33:26,1,736,1.5,-73.998131,40.760971000000005,-73.973465,40.74971,CRD,9.5,0.0,0.5,1.0,0.0,11.0
9961D9B1E2F8C5BC0DFCE3CEBDD4E742,FCF217A4EA8117C3C8E3759F96F75C4F,CMT,1,N,2013-01-05 03:30:46,2013-01-05 03:44:21,2,815,3.0,-74.00173199999999,40.734566,-73.991699,40.758972,CRD,12.5,0.5,0.5,2.7,0.0,16.2
B0FD4B20C1C3F4965385CB7036862A0C,0103E4320A648365E4D69BAD48BD8CF5,CMT,1,N,2013-01-11 12:22:58,2013-01-11 12:48:48,1,1549,3.8,-73.956551,40.780895,-73.99054,40.736851,CSH,19.5,0.0,0.5,0.0,0.0,20.0
D3ED3ED4EE5BF72ACC1134911FCCE4ED,CCF60C61044509019F7483C5BD515665,CMT,1,N,2013-01-31 17:39:44,2013-01-31 17:50:39,1,654,1.2,-73.994926,40.750111,-73.978851,40.753269,CRD,8.5,1.0,0.5,1.0,0.0,11.0
C872BA0E7CB2F667798D159ED6EF4988,53BDE805B3C02F2C2DFB48CDD021ACC8,VTS,1,,2013-01-31 20:35:00,2013-01-31 20:48:00,1,780,3.35,-73.987251,40.733115999999995,-73.95723000000001,40.774165999999994,CRD,12.5,0.5,0.5,0.0,0.0,13.5
2E9FD38067490645BDC27990271F900C,2C4A7FC5EAF7AEE2D6D295DCFA52CFF9,VTS,1,,2013-01-29 17:08:00,2013-01-29 17:11:00,1,180,0.58,-73.973763,40.792351000000004,-73.972328,40.786526,CRD,4.5,1.0,0.5,1.1,0.0,7.1
0382E229B8353ED19BF59FD35A355A53,3C6BF386EFCEAA0C3010BF2B23709F59,VTS,1,,2013-01-20 22:38:00,2013-01-20 22:46:00,1,480,2.19,-73.992126,40.742554,-73.967407,40.752734999999994,CRD,8.5,0.5,0.5,1.0,0.0,10.5
4B96B1B864EF6881D3597798C34B38F5,3DA43C759DDF6866C87D1FF6852A09B6,VTS,1,,2013-01-24 19:47:00,2013-01-24 19:52:00,1,300,1.17,-73.984741,40.758808,-73.994415,40.745605,CSH,6.0,1.0,0.5,0.0,0.0,7.5
1D5E5909601077EC11E6BBB284286E09,8E57A362C89B897A6913609FA8B416C4,VTS,1,,2013-01-20 19:43:00,2013-01-20 19:47:00,2,240,1.41,-73.94716600000001,40.775729999999996,-73.958977,40.759735,CSH,6.5,0.0,0.5,0.0,0.0,7.0
B72AE7B4BE53C17271DACC1603D04B21,634DF8721F291E62F8949FBA669D6960,VTS,1,,2013-01-28 16:51:00,2013-01-28 17:07:00,1,960,3.26,-73.998001,40.733757000000004,-73.967552,40.768974,CRD,13.0,1.0,0.5,2.8,0.0,17.3
7661E1263B7BC255612CBA9B6C882A30,C5C303975066003D6940E887F04728F4,CMT,1,N,2013-01-14 17:57:41,2013-01-14 18:06:56,1,554,1.2,-73.979378,40.752747,-73.98683199999999,40.740494,CRD,8.0,1.0,0.5,1.9,0.0,11.4
9836A6780886D5D11F7BA21BAEFD0E38,59E4699CBA26E3BCA24726C1D807F1B7,VTS,1,,2013-01-21 21:47:00,2013-01-21 21:58:00,1,660,2.9,-74.00457,40.742241,-73.979362,40.766991,CSH,11.0,0.5,0.5,0.0,0.0,12.0
44E7AEF6BD3E3ADB474A96FEA61842E4,C347316CA17CD0BBBAB62D882DA70A76,CMT,1,N,2013-01-15 12:20:29,2013-01-15 12:32:10,1,701,2.9,-73.963593,40.765118,-73.97525,40.733124,CRD,12.5,0.0,0.5,2.0,0.0,15.0
A71004C44371DAABF09D9AFBF25D5F72,5B902B801AA9235B149924C852463B5E,VTS,1,,2013-01-04 12:34:00,2013-01-04 12:43:00,1,540,1.31,-73.99404100000001,40.73457,-73.996002,40.720245,CSH,8.0,0.0,0.5,0.0,0.0,8.5
54736935A52C46DD4D6FFFB8B5E8AD0E,D413B9E06C2556967577AEB00A82B7BF,CMT,1,N,2013-01-16 04:02:25,2013-01-16 04:05:09,1,163,0.4,0.0,0.0,0.0,0.0,CSH,4.0,0.5,0.5,0.0,0.0,5.0
C48A03519EC9BC3784F4323704B22572,3812FBD7C4D621A545368F258AC1C302,VTS,1,,2013-01-18 09:14:00,2013-01-18 09:23:00,3,540,1.14,-73.955673,40.776649,-73.945679,40.776253000000004,CSH,7.5,0.0,0.5,0.0,0.0,8.0
26B6CDD419985C6F551F0FAE87EF3AA9,36D04EDD8B7EF39AAFAD8CDE42F56153,CMT,1,N,2013-01-28 08:51:31,2013-01-28 08:57:48,1,376,1.5,-74.00235699999999,40.739899,-74.000587,40.756046000000005,CSH,7.0,0.0,0.5,0.0,0.0,7.5
3736CFE751814D3E27F937888FFEA553,627174123F8DA048DDA6EA8AFD4B1A40,CMT,1,N,2013-01-28 06:03:41,2013-01-28 06:09:31,1,350,1.3,-73.994354,40.750916,-74.007622,40.741165,CSH,6.5,0.0,0.5,0.0,0.0,7.0
DB87F4AB25C4AE1F01553868A4A9A7F2,D3351C6964BD3E25F503D73B519DFF58,VTS,1,,2013-01-24 10:15:00,2013-01-24 10:20:00,3,300,0.54,-73.947464,40.776142,-73.953682,40.778938000000004,CSH,5.0,0.0,0.5,0.0,0.0,5.5
D88C2B9D35512C64D36186BA483390AB,70211D5E293D6F009DC28965639A2EC2,VTS,1,,2013-01-30 13:29:00,2013-01-30 13:34:00,2,300,0.83,-73.966225,40.773491,-73.974068,40.762989000000005,CSH,5.5,0.0,0.5,0.0,0.0,6.0
11255D0D604A3A006072C57DE81D7ED2,7F42CD68633AD542349E570955C1A892,CMT,1,Y,2013-01-24 09:07:50,2013-01-24 09:12:45,1,295,0.7,-73.988007,40.763073,-73.979424,40.759312,CSH,5.5,0.0,0.5,0.0,0.0,6.0
58A9ED83D9C9C7481B87ED554AEC24C4,276D091AF000D1CE07364E969AC7D00B,VTS,1,,2013-01-07 15:11:00,2013-01-07 15:22:00,2,660,2.54,-73.993042,40.702988,-73.993668,40.721142,CRD,11.5,0.0,0.5,2.5,0.0,14.5
3B23D798E65E66E9E1D81D07B97B630D,CC05618EFA21B1EF07D8337B2F488858,CMT,1,Y,2013-01-23 21:53:23,2013-01-23 22:03:31,1,607,1.2,-73.991699,40.750023,-73.98455799999999,40.759678,CSH,8.0,0.5,0.5,0.0,0.0,9.0
9E0FF4A265C054381E44CC424E964D3E,A4D2B24953883B340F62BD1D41E72AB4,VTS,1,,2013-01-04 02:12:00,2013-01-04 02:22:00,5,600,3.92,-73.97063399999999,40.763111,-73.911568,40.761368,CSH,13.5,0.5,0.5,0.0,0.0,14.5
D28CAE348FB9021E1882E945E233D0FA,716AF3AEAF1DFC2C2493CEA7F86E4EF9,CMT,1,N,2013-01-28 07:40:04,2013-01-28 08:00:28,1,1223,6.4,-73.990311,40.702507000000004,-73.980751,40.753571,CRD,21.5,0.0,0.5,2.0,0.0,24.0
3963F8671314363BD41AF7C9B356E6FE,9CA92CCAB9DDE8D3E788170068FDA451,CMT,1,N,2013-01-01 08:37:03,2013-01-01 08:42:45,3,342,1.3,-73.972893,40.756557,-73.99026500000001,40.751301,CSH,6.5,0.0,0.5,0.0,0.0,7.0
E3B9F52165B0F6205F0B69CB54D4AAC2,89F2C96DD0B7160C0ED551E2CE83D313,CMT,1,N,2013-01-19 08:32:02,2013-01-19 08:37:23,2,320,1.0,-73.986267,40.752972,-74.001274,40.756985,CSH,5.5,0.0,0.5,0.0,0.0,6.0
1EBF49AEA3D200BCFDE2404A2A1410BB,7B96988415AF4DC5055646CE705BCE7E,CMT,1,N,2013-01-11 00:21:44,2013-01-11 00:31:10,3,566,3.1,-74.001305,40.731228,-73.985229,40.767821999999995,CSH,11.5,0.5,0.5,0.0,0.0,12.5
2D9AC27635BB349AB9F4DBB3A9AC75A3,91239FA777BE30187242CC5FF9268CA2,VTS,1,,2013-01-20 02:31:00,2013-01-20 02:55:00,1,1440,5.62,-74.00052600000001,40.737343,-73.95636,40.655231,CRD,21.0,0.5,0.5,5.38,0.0,27.38
DEF04DB0FA465C0300D5F0751D7C724E,D57EC7DC90ABE617698D3FF9E717C95C,VTS,1,,2013-01-09 20:45:00,2013-01-09 20:57:00,1,720,2.88,-73.973557,40.759659,-74.006493,40.735802,CRD,11.0,0.5,0.5,0.5,0.0,12.5
14A45A1EAE619E175194F14EA4E65AC2,856397F5B1CCB5DA44DDBF0EF1F1DE2D,VTS,1,,2013-01-29 06:54:00,2013-01-29 06:57:00,2,180,0.67,-73.977425,40.755779,-73.97049,40.765175,CRD,4.0,0.0,0.5,1.0,0.0,5.5
B0EF002128E0E7F48F084E61341E83EE,15B711EFF97FB99BE14C7A2387892867,CMT,1,N,2013-01-10 15:32:12,2013-01-10 15:50:46,2,1113,2.5,-73.97090899999999,40.758408,-74.001801,40.746016999999995,CRD,13.0,0.0,0.5,2.7,0.0,16.2
16586DE4A6979201C5E529E782219D53,FA815AA3DC18FA5F58AB107A41C05CC7,VTS,1,,2013-01-10 17:12:00,2013-01-10 17:28:00,1,960,2.77,-73.95459699999999,40.783958,-73.96109,40.811852,CRD,13.0,1.0,0.5,3.0,0.0,17.5
329F1DEC4D21AE3632FC59359966E4C2,BE4BE4A7981941A3D40664C94B68E405,CMT,1,N,2013-01-16 16:27:18,2013-01-16 16:36:09,1,531,0.6,-73.984268,40.749226,-73.995018,40.754539,CSH,7.0,1.0,0.5,0.0,0.0,8.5
6C837CE001AB76E2E95A3E362B5C74B8,B3843A898999683E8D08DAAF387DB450,VTS,1,,2013-01-28 15:10:00,2013-01-28 15:19:00,2,540,1.5,-74.006012,40.739906,-73.990845,40.755745000000005,CSH,7.5,0.0,0.5,0.0,0.0,8.0
CC9C6C35BC5BE980A0AC1D5DF3BF2911,20C20B8E134E0CCA156C4474BFEF2351,VTS,1,,2013-01-22 08:49:00,2013-01-22 08:57:00,2,480,0.97,-73.99114200000001,40.732788,-73.987495,40.743118,CRD,7.0,0.0,0.5,2.1,0.0,9.6
54E0A7E84EAFDF6D0C70DC8E8A272FD9,6FB0B9EA44C28EF6E5CEA27955C6B498,VTS,1,,2013-01-09 13:07:00,2013-01-09 13:11:00,5,240,0.92,-73.99118,40.727897999999996,-73.994499,40.736431,CSH,5.5,0.0,0.5,0.0,0.0,6.0
588E107B0C3E2B25943179B3891D8804,60115D922D824F1885A5DA18BDFE8159,CMT,1,N,2013-01-06 00:50:52,2013-01-06 00:58:23,1,450,1.7,-73.97177099999999,40.794399,-73.94648000000001,40.792271,CSH,8.0,0.5,0.5,0.0,0.0,9.0
262D41351DEDE03A185C78CFB51022C0,14BA17C349C90A92FB962D35A8F6E55B,VTS,1,,2013-01-21 21:17:00,2013-01-21 21:28:00,5,660,2.85,-73.993752,40.73447,-73.97221400000001,40.760582,CSH,11.5,0.5,0.5,0.0,0.0,12.5
0FA6EBB11D068BB692BAD1AD2A833565,056ED55FEDC93AD49C9BADE190D10803,CMT,1,N,2013-01-07 23:30:11,2013-01-07 23:32:32,1,140,0.5,-73.980118,40.745869,-73.98620600000001,40.740219,CSH,4.0,0.5,0.5,0.0,0.0,5.0
FEBD33521DA40D3FECC7FBF235CB9274,0F99E26073CA275464B85F27FA234E65,CMT,1,N,2013-01-16 14:05:31,2013-01-16 14:22:26,1,1015,2.2,-73.994293,40.752266,-73.998512,40.732182,CRD,12.5,0.0,0.5,1.0,0.0,14.0
4BEBC6BDE13F04FF079878114158D223,EA43110330AC3E0EE5623B3E495157F2,VTS,1,,2013-01-22 14:31:00,2013-01-22 14:52:00,1,1260,1.74,-73.974503,40.755753000000006,-73.994598,40.750381,CRD,14.0,0.0,0.5,2.8,0.0,17.3
F7DE1E94C8E642FA86808507395789AD,F68B6C855B38CD85927444C0376E5D4C,VTS,1,,2013-01-11 16:36:00,2013-01-11 17:10:00,4,2040,5.93,-74.002434,40.728924,-73.99039499999999,40.664928,CRD,23.5,1.0,0.5,4.9,0.0,29.9
FE047F5FD5B40DABD7330676073F0769,5E08CA188A6778B2A356677E002B04DE,VTS,1,,2013-01-21 20:51:00,2013-01-21 20:57:00,1,360,1.48,-73.994843,40.750431,-73.980591,40.763725,CRD,7.0,0.5,0.5,1.5,0.0,9.5
A3C221AD52791CB25DEDAC22CCA72E61,C526E22C239EC2E9E7F4F76117BD5049,CMT,1,N,2013-01-22 19:52:02,2013-01-22 19:59:41,2,458,3.3,-73.99047900000001,40.717907000000004,-73.940933,40.725922,CRD,11.5,1.0,0.5,3.25,0.0,16.25
E161F8E32EBDC99A81792AF72DA9B620,E67831B4F30A88806F48296969F2D023,VTS,1,,2013-01-01 03:56:00,2013-01-01 04:17:00,1,1260,4.87,-74.007271,40.711773,-73.948349,40.708560999999996,CSH,19.0,0.5,0.5,0.0,0.0,20.0
0B20663F2E8BE92D8A59554FF93915B2,1ADE859BAA103A5E3DF8CFB95A7A3444,CMT,1,N,2013-01-08 18:54:13,2013-01-08 18:56:20,3,126,0.5,-73.988457,40.748367,-73.98129300000001,40.75399,CSH,3.5,1.0,0.5,0.0,0.0,5.0
43057FB083859B36F315957709DC6107,618D8AA7B1C19AD6746A207F534A9E6B,VTS,1,,2013-01-18 21:43:00,2013-01-18 21:48:00,2,300,1.08,-73.968254,40.762169,-73.97728000000001,40.749271,CSH,5.5,0.5,0.5,0.0,0.0,6.5
CF7893F3F7AA3F65D6A01D17EBD7AE14,9DEFE659BB6FC2C5DB86F98F0A0160B2,CMT,1,N,2013-01-14 20:24:46,2013-01-14 20:28:46,1,239,0.9,-73.958649,40.780884,-73.972412,40.785721,CSH,5.0,0.5,0.5,0.0,0.0,6.0
D50A311587828AFEF1A0B4BE123A189E,BCA42F28831D592AB0B1362929CE5E12,CMT,1,N,2013-01-07 11:11:48,2013-01-07 11:17:26,1,337,1.1,-73.9869,40.779152,-73.983467,40.767677,CSH,6.5,0.0,0.5,0.0,0.0,7.0
4EE436DEE359348231D40B2EEBAA3C1D,38CA7BAEEA502889C345EE3C7BF2AB4E,CMT,1,N,2013-01-31 05:47:13,2013-01-31 05:49:07,1,113,0.6,-73.94479399999999,40.819061,-73.95034,40.81147,CSH,4.0,0.5,0.5,0.0,0.0,5.0
941CB776A854311E52C05E607C35DF88,355FBEBBC2BE4C69A543F7B2CFF482B3,CMT,1,N,2013-01-14 06:48:50,2013-01-14 07:22:37,1,2026,16.8,-73.986198,40.743481,-73.845421,40.895329,CSH,48.0,0.0,0.5,0.0,0.0,48.5
FA699984A93BA7C213387DD69C247D70,01269F76968E98891C0B18D7BDD92033,VTS,1,,2013-01-23 11:53:00,2013-01-23 12:08:00,1,900,2.05,-73.97850799999999,40.750609999999995,-73.962952,40.772278,CRD,11.5,0.0,0.5,2.3,0.0,14.3
6FE6DFF9A59C0B64BE0CA64EE2699F08,45B659B83E6C5A481ABC4F45143774C3,CMT,1,N,2013-01-15 11:12:06,2013-01-15 11:25:55,1,828,6.2,-73.981422,40.714515999999996,-73.94839499999999,40.784889,CRD,19.5,0.0,0.5,2.0,0.0,22.0
3F13D5C7C5E7E54F4DE7B5BF124AC2E4,A1C995128C916532052A2EFA5CA951D3,CMT,1,N,2013-01-28 00:57:14,2013-01-28 01:06:05,1,531,2.5,-73.9963,40.753559,-73.991837,40.726585,CRD,10.0,0.5,0.5,2.75,0.0,13.75
149298F6D390FA640E80B41ED31199C5,A330D7872E8E69FF7EF9C5BF6540FA34,VTS,1,,2013-01-07 14:52:00,2013-01-07 15:12:00,2,1200,5.9,-73.98243000000001,40.765621,-74.01301600000001,40.702324,CSH,21.5,0.0,0.5,0.0,0.0,22.0
84E9DC93CB4A13FB5F0E0838F4A011CA,BA96DE77FBEEB8B889FC9C9C587E676E,VTS,1,,2013-01-19 23:28:00,2013-01-19 23:39:00,1,660,2.79,-74.005608,40.741015999999995,-73.976822,40.765846,CRD,11.0,0.5,0.5,1.0,0.0,13.0
3F4399B69B0FFC0124853D9DAAAD6797,B37CF59B0C689F17C63C70A9AC148AF4,CMT,1,N,2013-01-17 19:48:18,2013-01-17 20:02:49,2,870,2.5,-73.975342,40.757740000000005,-73.97753900000001,40.78286,CRD,11.5,1.0,0.5,2.6,0.0,15.6
96747A174B16F9DECC6ED1B4FA3CF919,96F14EB2C4DE30DF028EDEC1E15CF7EA,VTS,1,,2013-01-19 17:18:00,2013-01-19 17:39:00,1,1260,3.39,-73.995522,40.739222999999996,-73.960701,40.769642,CRD,16.0,0.0,0.5,4.0,0.0,20.5
F3C1838DEEEC604BEF83435252E88AD1,827271F24820F6131343F851806A3848,VTS,1,,2013-01-04 13:35:00,2013-01-04 13:39:00,1,240,0.06,-73.981903,40.740520000000004,-73.97605899999999,40.748859,CSH,5.0,0.0,0.5,0.0,0.0,5.5
282DCAD1FE61D972E2F8F7BB6C8E3AC5,EFF41D2F50E58C2A9D17ADB1B4F195A3,VTS,1,,2013-01-19 22:59:00,2013-01-19 23:18:00,1,1140,7.41,-74.003342,40.734221999999995,-73.96035,40.814696999999995,CRD,23.5,0.5,0.5,4.8,0.0,29.3
F55993E6D22D458A8F4A69AB38FF48CE,FD4BAC45FEEDBA823F7474E626AC057D,CMT,1,N,2013-01-22 11:10:38,2013-01-22 11:34:18,1,1419,2.6,-74.004837,40.737353999999996,-73.976372,40.760616,CRD,15.5,0.0,0.5,2.0,0.0,18.0
716A65DC0B0715972933553192F24FD8,446CEC63707C5528C7F9CE28370FCCA6,VTS,1,,2013-01-29 16:18:00,2013-01-29 16:21:00,1,180,0.53,-73.986267,40.740093,-73.991837,40.739765000000006,CSH,4.0,1.0,0.5,0.0,0.0,5.5
34F9EE575945A2C7C3E07AF6EE097F22,6577D77DB1F3EBF84ABC750259F4B240,VTS,1,,2013-01-20 19:37:00,2013-01-20 19:45:00,1,480,2.69,-73.951462,40.712486,-73.98865500000001,40.722565,CSH,10.0,0.0,0.5,0.0,0.0,10.5
C5A1C71D1E3E57E9425B3B6FE9BC5D67,488F92C2FB7EF64C9B2AF3CFFB1FC38C,VTS,1,,2013-01-24 21:20:00,2013-01-24 21:28:00,1,480,1.87,-73.982292,40.765858,-74.00071,40.747223,CSH,8.0,0.5,0.5,0.0,0.0,9.0
6CFD873E022CF54335283AC5E143EDE9,171CAF11B67437CF95F603760667569F,CMT,1,Y,2013-01-30 02:30:37,2013-01-30 02:42:21,1,704,6.9,-73.945976,40.777531,-73.92873399999999,40.864525,CSH,20.5,0.5,0.5,0.0,0.0,21.5
FCC037120B4287337868BA53FD007782,2C249968D2CD72243CC987C110A73BF1,VTS,1,,2013-01-13 18:59:00,2013-01-13 19:19:00,6,1200,2.16,-74.00833100000001,40.735386,-73.98584699999999,40.719414,CRD,13.0,0.0,0.5,2.6,0.0,16.1
068E60978107934BA1AA0B42AD54E395,EFE76F29968EE7273B67294C01079D61,CMT,1,N,2013-01-25 22:25:41,2013-01-25 22:39:22,2,821,2.6,-73.984451,40.773959999999995,-73.950462,40.783604,CRD,11.5,0.5,0.5,1.5,0.0,14.0
5179CF252E94452FD5248CBFCF457AA3,D25B627CCBBF1E8D8281140D0547299D,CMT,1,N,2013-01-01 04:56:07,2013-01-01 05:26:17,1,1809,8.0,-73.929665,40.693913,-73.990089,40.762347999999996,CSH,27.5,0.5,0.5,0.0,0.0,28.5
83D59E3D62B6E461BEF2304817CF6992,B7BF9A4D103B9EAC2B22E975CC9C671C,CMT,1,Y,2013-01-07 08:37:15,2013-01-07 08:45:37,1,501,0.7,-73.97535699999999,40.748669,-73.98661,40.749321,CSH,7.0,0.0,0.5,0.0,0.0,7.5
85C1F31BEA911220B707D523EECBC5C7,02AABC8F26470042325B9CBBBD49122E,VTS,1,,2013-01-07 17:27:00,2013-01-07 17:40:00,1,780,2.56,-73.98219300000001,40.762695,-73.951729,40.777821,CRD,11.5,1.0,0.5,2.5,0.0,15.5
69BF4241E4CC7D2B17DDE57C971F0697,FADF094086613D4B491B2BF85FFC8BF9,CMT,1,N,2013-01-24 10:51:50,2013-01-24 11:03:08,1,678,2.0,-73.96862800000001,40.764767,-73.991112,40.750458,CSH,9.5,0.0,0.5,0.0,0.0,10.0
EFC538242600F2FCBFCA70BFC0A22CF0,A19CA52E8D354018EF2EE45EAF62F8EB,VTS,1,,2013-01-24 21:20:00,2013-01-24 21:26:00,1,360,1.22,-73.98129300000001,40.747147,-73.967995,40.751301,CRD,6.5,0.5,0.5,1.0,0.0,8.5
7EEAE7CDAFC4D42FEF61D5F69246F671,5998C9D11CBD8A5B9C117D21A05813A5,CMT,1,N,2013-01-22 07:52:42,2013-01-22 08:04:33,1,711,2.9,-73.996696,40.723331,-73.99051700000001,40.693573,CRD,11.5,0.0,0.5,2.0,0.0,14.0
AB80E0F46504CB0CF484213D85B7491A,E5ED7E757896D5B2E6C2EBFA3BA0BEED,CMT,1,N,2013-01-14 05:30:45,2013-01-14 05:35:24,1,279,1.2,-73.979225,40.740379,-73.992577,40.730003,CRD,6.0,0.5,0.5,1.0,0.0,8.0
2EA5D18CAF83A21050F419EED610702D,1C1A7720FD43DDA538A0AC5BCBA0EB31,VTS,1,,2013-01-05 18:49:00,2013-01-05 19:22:00,5,1980,7.14,-73.991753,40.749977,-74.003716,40.715908,CRD,27.5,0.0,0.5,3.0,0.0,31.0
58AD09954EA1C669F8456A9431B4066F,817052E1DE5975D5C13D90DD2D413735,VTS,1,,2013-01-31 19:54:00,2013-01-31 20:10:00,1,960,2.93,-73.988724,40.759708,-73.954933,40.777679,CRD,13.0,1.0,0.5,2.8,0.0,17.3
35A5A89EEDD357DEF9E83650E20305F5,AD6ED42D6ED9E1F8D909668B4001A2DB,VTS,1,,2013-01-14 12:59:00,2013-01-14 13:07:00,1,480,1.81,-73.955177,40.783153999999996,-73.973206,40.764454,CSH,9.0,0.0,0.5,0.0,0.0,9.5
782B981D6269C5EDC19FA619EB3D90C1,6D35DB4543D2DA54DD9FFE7EF41EC71A,VTS,1,,2013-01-10 11:30:00,2013-01-10 11:38:00,1,480,1.52,-73.974594,40.754364,-73.96000699999999,40.770531,CRD,7.5,0.0,0.5,1.5,0.0,9.5
9BA0A7F9E143615D6168F9A8DD42EACF,8365C11A02A0EE24752EAA52C5A9ADA0,VTS,1,,2013-01-17 16:42:00,2013-01-17 16:49:00,1,420,1.51,-73.940376,40.793587,-73.95324699999999,40.775867,CRD,7.5,1.0,0.5,1.7,0.0,10.7
738832866F8EEC8A5284E7CEB18ECE80,23E6CB58321E70D39AE154EBBB20E50A,VTS,1,,2013-01-19 23:38:00,2013-01-19 23:56:00,1,1080,5.07,-73.989639,40.771351,-74.01673100000001,40.709362,CSH,18.5,0.5,0.5,0.0,0.0,19.5
B3477BC013CCE4D6E58E84248DFDEE5B,6D7701C51B7F08ADE969B8A1C5C675E4,CMT,1,N,2013-01-21 17:14:53,2013-01-21 17:31:07,1,973,2.3,-73.982941,40.761402000000004,-73.957413,40.771023,CSH,12.5,0.0,0.5,0.0,0.0,13.0
44A9317ED200E7C828576AEAC723767B,ADA77A4555905F52EF1C3B99CB1F45B6,CMT,1,N,2013-01-15 22:39:36,2013-01-15 22:52:20,1,763,2.4,-73.986008,40.740967,-73.983376,40.766907,CRD,11.5,0.5,0.5,2.5,0.0,15.0
15888078493E6FCD07E72E7C2AFF5CAF,E7DFDB90876CC323B101F88AB3829AC9,VTS,1,,2013-01-09 07:28:00,2013-01-09 07:45:00,2,1020,4.04,-73.94901999999999,40.777546,-73.982445,40.74725,CRD,15.5,0.0,0.5,2.0,0.0,18.0
8424E0447C0EE1AD020AD111950CC8C5,F0A6403777C002206E46D73E356423E2,CMT,1,N,2013-01-19 00:35:55,2013-01-19 00:47:06,1,671,7.2,-73.916679,40.771313,-73.83721899999999,40.716206,CRD,21.5,0.5,0.5,4.0,0.0,26.5
6C397F9616F28003940B3A6E3CBB2DFA,2C711C35C4F1676C8B3C301C78F9CE82,VTS,1,,2013-01-06 15:32:00,2013-01-06 15:46:00,1,840,6.47,-73.971184,40.757801,-74.015495,40.708,CRD,20.0,0.0,0.5,2.5,0.0,23.0
D23717765C6926E46BC0A0B5EDA361C5,B8CB40F109A1EF87B0B43EE3B042A663,CMT,1,N,2013-01-04 22:42:45,2013-01-04 22:51:09,1,504,1.8,-73.981659,40.773682,-73.97835500000001,40.755512,CSH,8.5,0.5,0.5,0.0,0.0,9.5
FAE867EE8DB8C751334050FDBE3E4B95,18E3A77D4354B3CDA4DA9FE8E3E696DB,CMT,1,N,2013-01-28 12:35:37,2013-01-28 12:42:54,1,437,0.9,-73.960495,40.761806,-73.963753,40.770733,CSH,6.5,0.0,0.5,0.0,0.0,7.0
71D8C6F5124C9D30FAC0AE2AADBDE722,745632E3DC8B1C5707ED02533B17B944,CMT,1,N,2013-01-25 08:31:57,2013-01-25 08:36:02,1,245,0.8,-73.999397,40.754265000000004,-73.989731,40.760559,CRD,5.0,0.0,0.5,2.0,0.0,7.5
4B20C5B8EBF5D6A4A14C928DF5AD99E9,6DC7AB45A4E2AC617778915768A666B7,VTS,1,,2013-01-31 14:27:00,2013-01-31 14:39:00,2,720,0.93,-73.983345,40.756126,-73.974037,40.762932,CRD,9.0,0.0,0.5,2.7,0.0,12.2
70EFF9C301B810B7946734EF99D5811C,BD531DBC3A9CF52A4989B7C2597A5C88,CMT,1,N,2013-01-23 17:13:46,2013-01-23 17:33:48,1,1202,3.3,-73.93938399999999,40.805149,-73.96015200000001,40.781760999999996,CRD,15.5,1.0,0.5,4.25,0.0,21.25
80722613B4DD41E483DC086543FD2A9B,E90D250595871F117E5DA4F0B9A2EC9F,CMT,1,N,2013-01-08 19:03:49,2013-01-08 19:08:07,1,258,1.1,-73.968643,40.799004,-73.979301,40.784966,CSH,6.0,1.0,0.5,0.0,0.0,7.5
79C51E046EBC2366D912B6ECAD0096ED,EEAC725701E0CE5C33DE6FADE51C340E,CMT,1,Y,2013-01-28 17:50:50,2013-01-28 17:53:49,1,178,0.5,-73.965187,40.75547,-73.959709,40.762928,CRD,4.0,1.0,0.5,1.0,0.0,6.5
3F0E768DAA2BC7BB4E7A017728B10750,6FFF8BD978AD5575B35BEB999FC1E260,CMT,1,N,2013-01-03 16:17:45,2013-01-03 16:22:00,1,254,0.5,-73.95082099999999,40.77095,-73.949692,40.773792,CSH,4.5,1.0,0.5,0.0,0.0,6.0
AC5B23EF01D0897DB3819F9B722BF424,BCC860CC49909896E55E6DA1B5B7247F,VTS,1,,2013-01-24 00:39:00,2013-01-24 00:41:00,1,120,0.59,-73.98309300000001,40.758781,-73.989357,40.752399,CRD,4.0,0.5,0.5,1.12,0.0,6.12
3A62FC146F7D6152FB9596D4AF3AA164,36A3B1D0C46AE7D8A630A18EF1E24EB8,VTS,1,,2013-01-27 14:46:00,2013-01-27 14:56:00,1,600,1.23,-73.987785,40.743652000000004,-73.987785,40.743652000000004,CRD,8.0,0.0,0.5,1.6,0.0,10.1
9CE04AFA391F5F6D280D5F47D7FF95FD,00A3C5AD12E5AE6EF174D5C850F7CF86,CMT,1,N,2013-01-17 14:06:23,2013-01-17 14:22:58,1,994,2.9,-73.946083,40.777546,-73.97605899999999,40.751129,CRD,14.0,0.0,0.5,2.5,0.0,17.0
25C658F4C40A8699C1A363391813FB7A,181D6924F0D9DAD0588CC320A4CECBAE,VTS,1,,2013-01-01 20:27:00,2013-01-01 20:35:00,5,480,1.96,-74.00170899999999,40.719440000000006,-73.992416,40.724644,CSH,9.0,0.5,0.5,0.0,0.0,10.0
476FCAC20818836616D8469E20160B07,2529139726E426B8F0A18633F30F03D6,VTS,1,,2013-01-24 22:04:00,2013-01-24 22:10:00,1,360,2.2,-73.97647099999999,40.762127,-73.95491,40.784206,CSH,8.0,0.5,0.5,0.0,0.0,9.0
0F47BD0497E64B4E1B1675904E86B273,DF094E627C2F6B8304C90363A203C59E,VTS,1,,2013-01-31 00:04:00,2013-01-31 00:17:00,1,780,3.87,-73.962303,40.671642,-73.992767,40.715195,CRD,14.5,0.5,0.5,3.0,0.0,18.5
ABA137B75D5BA45ADF7D1C013899391F,EB5E81B83F531968EBE7629091D568E0,VTS,1,,2013-01-19 05:17:00,2013-01-19 05:23:00,1,360,1.48,-73.974586,40.751781,-73.988258,40.764046,CSH,7.0,0.5,0.5,0.0,0.0,8.0
B41B287668F1D0E3644F0D14406A0952,F80CFB4D132B9EF816E1B0ECCEE236B0,VTS,1,,2013-01-16 15:00:00,2013-01-16 15:09:00,2,540,1.21,-73.96315,40.777817,-73.967407,40.764263,CRD,7.5,0.0,0.5,1.88,0.0,9.88
CB7268314C103D3A50006EFF8CEEA607,21E917081CDF584191B87E1B1106FC1A,VTS,1,,2013-01-20 11:29:00,2013-01-20 11:34:00,6,300,0.99,-73.955109,40.788837,-73.956757,40.778252,CSH,6.0,0.0,0.5,0.0,0.0,6.5
AAB230C25ED215118874E0B3F3ACF268,3D50C0A0688FCBA19B8EDBE23AE63AFA,CMT,2,N,2013-01-26 13:28:03,2013-01-26 14:13:13,1,2709,17.8,-73.782173,40.644787,-73.98249799999999,40.747437,CSH,52.0,0.0,0.5,0.0,0.0,52.5
6C125C5EA35888CA6A7E015E2AA3A35A,7E38B469835446F0DBEE0B25988B7571,CMT,1,N,2013-01-17 19:57:38,2013-01-17 20:10:24,1,765,3.1,-73.95285,40.772438,-73.98964699999999,40.756702000000004,CRD,12.0,0.5,0.5,2.6,0.0,15.6
85E0A289F58009CF568A928219082EDC,F7E2E1CFA6F19E9B0D486C3B0D6E4C93,CMT,1,N,2013-01-15 22:14:53,2013-01-15 22:19:41,1,287,1.8,-73.989853,40.741756,-73.981514,40.763084,CSH,7.0,0.5,0.5,0.0,0.0,8.0
B72920C0AE846F67D1163001571A8CDE,44DA1260BFD285CA8F126616A0B86EA9,VTS,1,,2013-01-12 18:19:00,2013-01-12 18:33:00,1,840,1.77,-73.99185899999999,40.754841,-74.00282299999999,40.718399,CRD,10.5,0.0,0.5,1.0,0.0,12.0
34FC27F60C0382699957BA60FB1C9125,CB87C0FF2ADD5953FC8D348FEBBC6037,VTS,1,,2013-01-11 22:49:00,2013-01-11 23:00:00,6,660,3.93,-73.99225600000001,40.724899,-73.959793,40.710617,CSH,13.0,0.5,0.5,0.0,0.0,14.0
138D16AF85DD32E690131E61AB581027,297FBB63FE6223D1F61C13CF32D2682B,CMT,1,N,2013-01-13 19:09:06,2013-01-13 19:16:00,1,414,1.3,-73.99787099999999,40.724106,-74.008392,40.735306,CRD,7.0,0.0,0.5,1.87,0.0,9.37
62E9ECD44B7177AB241585042CE642A4,7222C0DF0D2DC3268A7820C7DB335529,CMT,1,N,2013-01-10 21:09:54,2013-01-10 21:12:22,1,147,0.6,-73.95859499999999,40.78083,-73.956757,40.774204,CSH,4.0,0.5,0.5,0.0,0.0,5.0
8F952E466DCBBC7453C2DA4A9B4364ED,CE77D3120C8FD89C4591293922D53388,VTS,1,,2013-01-16 14:06:00,2013-01-16 14:41:00,1,2100,10.84,-73.981934,40.780869,-73.862938,40.7672,CRD,37.0,0.0,0.5,11.1,4.8,53.4
DF25E6B358B5CA11E57AEB3738BE3043,0613A860C64F31C9F10E5A37F6F014A3,VTS,1,,2013-01-05 22:50:00,2013-01-05 22:52:00,2,120,0.71,-73.976105,40.791294,-73.98101,40.784659999999995,CRD,4.5,0.5,0.5,1.5,0.0,7.0
B65FA1744EEB0CA74CBFCEF42534F998,3D977B03E6CCD7A49BD7172DDCAD971A,VTS,1,,2013-01-17 00:17:00,2013-01-17 00:33:00,1,960,3.24,-73.982262,40.764938,-73.993515,40.736,CRD,13.5,0.5,0.5,3.5,0.0,18.0
2F2489394E84EC5849207A5C56C14D5B,300F672FEDA5A24399F09FEA75C85B9A,CMT,1,N,2013-01-31 11:38:50,2013-01-31 11:43:29,1,278,1.2,-73.92952,40.819523,-73.92952,40.819523,CRD,6.0,0.0,0.5,1.3,0.0,7.8
64B5BDD93342FC1DD74C67C82E53CDA2,C3E4D19C7944CF522FE982679676DC0A,CMT,1,N,2013-01-20 14:32:22,2013-01-20 14:37:39,1,316,1.0,-73.974228,40.793976,-73.974602,40.783493,DIS,5.5,0.0,0.5,0.0,0.0,6.0
25E1299A0153252AC4615AB537C3A0B3,8E4C61284BC5E57A183FDBCB2EC565A5,CMT,1,N,2013-01-13 18:53:42,2013-01-13 19:03:13,1,570,1.3,-74.000839,40.757969,-73.983871,40.762966,CSH,8.0,0.0,0.5,0.0,0.0,8.5
A7451B1FCC3869942789495ADAAB75D8,C2E51D70A515F24EF07EBF4EE276498B,VTS,1,,2013-01-14 16:39:00,2013-01-14 16:50:00,1,660,2.06,-73.965553,40.790378999999994,-73.959106,40.772453000000006,CRD,9.5,1.0,0.5,1.0,0.0,12.0
90EEF25B57D016CC40B0AE23C19AEE8A,51D4B5773FF1EAB70A73074946173717,VTS,1,,2013-01-20 22:01:00,2013-01-20 22:06:00,5,300,0.82,-73.98981500000001,40.738941,-73.990211,40.746361,CRD,5.0,0.5,0.5,1.1,0.0,7.1
9DC9E6A87805440BC1222380A37626DA,1102D9FBF8195B1A4D1CB5E7E621808B,CMT,1,N,2013-01-14 22:57:22,2013-01-14 23:02:23,1,300,1.4,-73.97622700000001,40.758224,-73.97377,40.743824,CRD,6.0,0.5,0.5,1.4,0.0,8.4
541F30BF9781EC064CFFBEB137C54DCA,EFA527EC9F7A2B4E3B18E1D6DDD9CD80,VTS,1,,2013-01-11 23:12:00,2013-01-11 23:24:00,5,720,3.23,-73.993057,40.720154,-73.984222,40.754761,CRD,12.5,0.5,0.5,3.25,0.0,16.75
5C7D1231937EF7F6E2481C3CFBF10B25,47BB8746DEC29D70A6AB5EF0F1731D5C,CMT,1,N,2013-01-31 08:24:42,2013-01-31 08:36:20,1,698,2.2,-73.981491,40.754554999999996,-73.99771899999999,40.733715000000004,CSH,10.0,0.0,0.5,0.0,0.0,10.5
D2AF165D84B36CAFD567D3B1460CABA9,39D516F4B267C8AE0F6732958AC2DA21,CMT,1,N,2013-01-30 23:44:15,2013-01-30 23:51:01,3,406,2.2,-73.972977,40.785374,-73.976318,40.760563,CRD,8.5,0.5,0.5,10.0,0.0,19.5
259E34D22B4C70788FC2838A88582DCC,EE278E3FFB4311B5C1551498F7D3B0B6,CMT,1,N,2013-01-07 22:36:31,2013-01-07 22:43:23,3,411,1.2,-73.986519,40.747982,-73.972954,40.753143,CSH,7.0,0.5,0.5,0.0,0.0,8.0
F687F5186616DA9897728700E265F186,CF2EDF8923B8DD33D100CDEE81CCFB6B,CMT,1,N,2013-01-28 07:08:25,2013-01-28 07:25:37,1,1031,7.8,-74.016014,40.715076,-73.973282,40.763870000000004,CRD,23.5,0.0,0.5,4.8,0.0,28.8
3B615B3D42E5CEF88038CB584B9C57E3,7AB1827A80CE916182237F45984F61D6,CMT,1,N,2013-01-20 01:25:21,2013-01-20 01:35:18,1,596,2.5,-73.97348000000001,40.752686,-74.004936,40.744785,CRD,10.0,0.5,0.5,2.2,0.0,13.2
7BF28AD5D64165E868B86F60946CA5DE,860113B2C9AC2279699384DBC10C927B,VTS,2,,2013-01-23 14:30:00,2013-01-23 15:02:00,1,1920,17.24,-73.974075,40.754673,-73.78293599999999,40.644034999999995,CSH,52.0,0.0,0.5,0.0,0.0,52.5
39A74AC6E79FED37A11EC2EB2B8610AF,5418ACEDE3949321375E297F7E0C3A5C,CMT,1,N,2013-01-15 11:21:28,2013-01-15 11:35:44,1,855,1.1,-73.982109,40.743126000000004,-73.975967,40.756972999999995,CRD,10.0,0.0,0.5,1.0,0.0,11.5
9FEE9556D0BF20B0B8A399A69012CB27,952F0DF86102DEDB7A94E16365580ACE,VTS,1,,2013-01-09 12:56:00,2013-01-09 13:04:00,1,480,1.48,-73.999115,40.745472,-74.005325,40.728657,CRD,7.5,0.0,0.5,1.88,0.0,9.88
E3FD0A4DE92A3B02B63C343FDEE99BAC,DCF3039C793D6A493B27482A16662E3C,VTS,1,,2013-01-17 21:09:00,2013-01-17 21:11:00,1,120,0.84,-73.942284,40.786469,-73.935875,40.795277,CSH,4.5,0.5,0.5,0.0,0.0,5.5
D9798B9418860093A40370B5146DE691,5E1BA0DF7E77362BFE4DDD57470B766F,CMT,1,N,2013-01-03 10:02:13,2013-01-03 10:24:27,1,1334,6.0,-73.988838,40.745135999999995,-73.989418,40.702296999999994,CRD,22.0,0.0,0.5,5.62,0.0,28.12
FE5FF9991AB773C6819718221DFA7F89,6C34C9731F3020D6F2E0727369341894,CMT,1,N,2013-01-15 00:11:29,2013-01-15 00:29:54,1,1104,4.6,-73.98710600000001,40.755951,-73.91774699999999,40.74321,DIS,17.5,0.5,0.5,0.0,0.0,18.5
233A82C360F466ADDF17B431C2BB8A2E,00E7A57A0BE35F05DAAAA5E12A813D09,CMT,1,N,2013-01-25 09:56:44,2013-01-25 10:01:10,3,265,0.7,-73.982292,40.769024,-73.982056,40.773685,CSH,5.0,0.0,0.5,0.0,0.0,5.5
981F994EA2D21492D75D1B357925A95A,1A1E34F64AAF6BB66AE2F5A939C61F12,VTS,1,,2013-01-15 10:41:00,2013-01-15 10:48:00,1,420,1.48,-73.964027,40.77655,-73.98290300000001,40.771858,CRD,7.5,0.0,0.5,1.5,0.0,9.5
76AC5C0F44D07BA5A2291F19E730B0B9,2FD522EC60D2079D36F88AFA0D1C188B,VTS,1,,2013-01-10 13:04:00,2013-01-10 13:13:00,1,540,1.02,-73.986763,40.735638,-74.001137,40.740147,CSH,7.5,0.0,0.5,0.0,0.0,8.0
310F4031C60C5B9BF305C9E9E63A2C3D,844675068D53E43CDED80EE8C338214D,VTS,1,,2013-01-12 01:39:00,2013-01-12 02:06:00,2,1620,6.66,-73.973907,40.764267,-73.981155,40.689308000000004,CRD,23.5,0.5,0.5,6.0,0.0,30.5
C61EBE0BFDD0A348B083267DE989FEF5,7C36013218D83B6651882B4D85588B9F,VTS,1,,2013-01-01 22:28:00,2013-01-01 22:39:00,1,660,2.61,-73.99588,40.725964000000005,-73.977249,40.752155,CSH,11.0,0.5,0.5,0.0,0.0,12.0
22968DDD297D978EA7CC50749C68C826,73E8F63D74DC01BE386D25C60892BE80,CMT,1,N,2013-01-29 16:59:54,2013-01-29 17:01:52,1,117,0.5,-73.973663,40.794804,-73.978371,40.78804,DIS,4.0,1.0,0.5,0.0,0.0,5.5
9C79E336DE8988E71F83F98D4E9210DF,74977945228F4F9ED83F010E72F2456F,VTS,1,,2013-01-07 07:26:00,2013-01-07 07:34:00,4,480,1.91,-74.001305,40.746387,-73.976555,40.747498,CSH,8.5,0.0,0.5,0.0,0.0,9.0
78582AE083783A50137204697BC9A3EF,900DB0AB833BFD671849B36D58A69BC1,VTS,1,,2013-01-26 10:55:00,2013-01-26 10:59:00,5,240,0.7,-73.965164,40.791088,-73.97052,40.78371,CSH,5.0,0.0,0.5,0.0,0.0,5.5
0CAC8E999E3D3D98C663789471618315,0AC435FA472A0BB3435C30967499E2DF,VTS,1,,2013-01-02 16:41:00,2013-01-02 16:48:00,1,420,1.2,-73.99610899999999,40.753651,-73.987549,40.757553,CSH,7.0,1.0,0.5,0.0,0.0,8.5
EBFEEFD12AF5D3944326105CDDB39803,6D0C1096A5AC913E39CF89343DD46DB7,CMT,1,N,2013-01-27 06:40:25,2013-01-27 06:45:20,1,295,0.8,-73.989838,40.716934,-73.996758,40.720486,CRD,5.5,0.0,0.5,1.2,0.0,7.2
095F8D42CA91224318DAB5683128E057,24BE5CB76322F4D46A6F5867A18D3E11,CMT,1,N,2013-01-20 20:37:17,2013-01-20 20:53:01,1,944,2.9,-74.003723,40.727005,-73.990181,40.760727,CRD,13.0,0.5,0.5,1.25,0.0,15.25
FAAAFA3F332009DC2C69307C73DC7A80,E09AD6ADF1415D4E0AFDF60E7EBC11C5,CMT,1,Y,2013-01-18 12:56:22,2013-01-18 13:01:48,1,325,0.6,-74.00608100000001,40.728153000000006,-73.998726,40.724037,CRD,5.5,0.0,0.5,1.0,0.0,7.0
1E4DC996E5A3D61A918B6F352E063563,F7897B7117BB7375DC195407CD01214D,CMT,1,N,2013-01-08 10:53:34,2013-01-08 11:03:51,1,616,2.0,-73.970528,40.762352,-73.988838,40.736881,CSH,9.5,0.0,0.5,0.0,0.0,10.0
571878C1DE063800B70D5E64FB4CE0DE,B25482704C721C6E237DBF608689E0E2,CMT,1,N,2013-01-15 19:09:47,2013-01-15 19:18:52,1,545,1.1,-73.976753,40.764010999999996,-73.959526,40.76347,CRD,8.0,1.0,0.5,1.0,0.0,10.5
BA5D1D3EDC32A6D4EB8D3647F85CD4C8,EBE8F4063CA94225E162EFD53238371E,VTS,1,,2013-01-08 17:33:00,2013-01-08 17:44:00,2,660,1.65,-73.985497,40.742020000000004,-73.990829,40.739594,CRD,9.0,1.0,0.5,2.0,0.0,12.5
6D06FFDFEAEC7C242979676BB34763BE,B3E13B5DC7838148D2914B5BCB8FA594,CMT,1,N,2013-01-28 17:10:55,2013-01-28 17:31:21,2,1225,3.2,-73.99791,40.724354,-73.984711,40.757874,CSH,15.0,1.0,0.5,0.0,0.0,16.5
E0600C169DAB1E5E301DFF249E5C6ACA,DECB0F82B0C2D182904EC906CB97217B,VTS,1,,2013-01-27 20:43:00,2013-01-27 20:50:00,1,420,2.36,-73.97120699999999,40.787903,-73.974236,40.762592,CSH,9.0,0.5,0.5,0.0,0.0,10.0
4BC01B186758BA0E84FFA208DED36BDE,4E62D88FB83793EF9A6BA2A15FABFCEC,CMT,1,N,2013-01-29 11:26:52,2013-01-29 11:34:07,1,435,1.3,-73.98638199999999,40.74662,-73.991982,40.731152,CSH,7.0,0.0,0.5,0.0,0.0,7.5
C638AA61940FA24F450ED032D64F4C89,F6A5EBEF9B344DAE1347C783D9496E1E,CMT,1,N,2013-01-19 16:20:44,2013-01-19 16:29:48,3,543,1.6,-73.973518,40.763527,-73.991539,40.750088,CSH,8.0,0.0,0.5,0.0,0.0,8.5
49F9115663A2252B8D050F52297482E8,8E5DBCDD8EF1A0A61D0E31B0FAA7AFE4,VTS,1,,2013-01-12 10:30:00,2013-01-12 10:36:00,4,360,0.85,-74.005486,40.725506,-74.00679000000001,40.719635,CRD,5.5,0.0,0.5,1.1,0.0,7.1
E4525F792FCA4B77460F7DEFD3A31E6E,BFA69D2D9FD35C205B57BD018CD83BEA,CMT,1,N,2013-01-16 10:39:25,2013-01-16 10:41:53,1,148,0.4,-73.965958,40.773937,-73.96159399999999,40.777054,CSH,3.5,0.0,0.5,0.0,0.0,4.0
386D507DA2BCAE3134BF3256F616545E,1D6939890F75F1EA045D2CCED93B32A1,VTS,1,,2013-01-23 23:33:00,2013-01-23 23:39:00,1,360,2.16,-73.953835,40.775059000000006,-73.972473,40.749352,CRD,8.5,0.5,0.5,1.0,0.0,10.5
C61EBE0BFDD0A348B083267DE989FEF5,B74B993ABAA6B38A1C7DCB3ACBBD7B17,VTS,1,,2013-01-30 11:18:00,2013-01-30 11:27:00,1,540,0.83,-73.982529,40.745117,-73.97921,40.752869,CRD,7.5,0.0,0.5,1.88,0.0,9.88
9B13A499EA400719BB93B397DC21C2E1,E186FD46D9DFDD9C8CF2139E8435A515,CMT,1,N,2013-01-13 19:19:57,2013-01-13 19:37:12,1,1034,3.9,-73.981224,40.741356,-73.98207099999999,40.782897999999996,CRD,15.5,0.0,0.5,4.8,0.0,20.8
BB66C4C2C3E3C8CF478C6FC399A7E6F1,4401941910C8DDF7265D6BCC0FBC3CDC,VTS,1,,2013-01-12 17:38:00,2013-01-12 17:47:00,1,540,1.88,-73.997002,40.726784,-74.004646,40.737743,CSH,8.5,0.0,0.5,0.0,0.0,9.0
A5A8269908F5D906140559A300992053,AE96461F4B4FFC4E446F08EB368B51DB,CMT,1,N,2013-01-17 08:26:25,2013-01-17 08:30:49,1,263,0.7,-73.982956,40.742053999999996,-73.978775,40.750481,CRD,5.0,0.0,0.5,1.0,0.0,6.5
1ED70C00B1597B043D2E41B373E2989E,FAE91748914D94207FDDB58767486F4F,CMT,1,N,2013-01-13 22:50:23,2013-01-13 22:54:13,1,229,1.0,-73.989304,40.736446,-73.980164,40.726994,CRD,5.5,0.5,0.5,2.0,0.0,8.5
52C494A1E360CA8E5F7E5D39AAF11A80,ECCA8F2E55FEA513AFB6BA57B4B3C799,CMT,1,N,2013-01-28 13:57:59,2013-01-28 14:06:21,1,502,1.4,-73.978836,40.724236,-73.98751800000001,40.712921,CSH,7.5,0.0,0.5,0.0,0.0,8.0
FD6A1181E0775BAB364BCC2F85E68202,C5E3D6D2D6E6DBE5B051CF23A1752E11,CMT,1,N,2013-01-29 20:19:13,2013-01-29 20:29:21,1,607,3.0,-73.978806,40.736294,-73.981842,40.768375,CRD,11.0,0.5,0.5,1.0,0.0,13.0
77013B89D2C71ABD42F8F50B9834EFDC,1570955D15F3B77756D4B9CE225199FA,VTS,1,,2013-01-07 11:40:00,2013-01-07 11:56:00,1,960,2.28,0.0,0.0,0.0,0.0,CSH,11.5,0.0,0.5,0.0,0.0,12.0
A52446234F8546CDFFABFB04563F62F3,75A96647CD04214C1D16A37CEAA11F4A,CMT,1,N,2013-01-25 09:25:29,2013-01-25 09:40:51,1,922,2.5,-73.993874,40.750999,-74.007217,40.727509000000005,CSH,12.5,0.0,0.5,0.0,0.0,13.0
EB549FD037CCC77B2744A49AACC2400F,AB080900E090D0DC83C97D7A7FC0311B,CMT,1,N,2013-01-17 12:32:07,2013-01-17 12:50:20,1,1093,3.2,-73.954803,40.76556,-73.986008,40.750126,CRD,15.5,0.0,0.5,4.0,0.0,20.0
F3350513AF14CEBCE7F27ACB60B97CD3,4FD3711314E21CF0B99286A3DD7C2271,CMT,1,N,2013-01-18 00:13:32,2013-01-18 00:18:34,1,301,0.8,-73.99188199999999,40.726321999999996,-73.983154,40.719116,CRD,5.5,0.5,0.5,1.3,0.0,7.8
639CD7FAC98F35C6E6C7F4AE4A16F8CC,204EDF4FEC240279B06C32B502341C43,VTS,1,,2013-01-30 14:01:00,2013-01-30 14:09:00,1,480,0.13,-73.987701,40.765186,-73.99501,40.750004,CRD,7.0,0.0,0.5,1.75,0.0,9.25
BF8BB94FEEB5C6D1F499351E960EF92A,1CCB6588AA3F6760D36C4E6B36DBA05C,VTS,1,,2013-01-08 17:35:00,2013-01-08 18:27:00,5,3120,8.9,-73.989784,40.752277,-73.930649,40.8484,CRD,37.0,1.0,0.5,9.5,0.0,48.0
5875A840980EFBE65913A6D944BA2FD2,D419D7683D985AF1E6AE25B5CED001C7,CMT,1,Y,2013-01-14 08:31:05,2013-01-14 08:43:01,1,715,2.0,-73.980423,40.747879,-74.00374599999999,40.739353,CRD,10.0,0.0,0.5,1.5,0.0,12.0
919336DB466E36F2F13B34A8879F0F68,CA7999174E931914A826939208222DA5,CMT,1,N,2013-01-15 21:00:00,2013-01-15 21:02:55,1,174,0.4,-73.989929,40.745815,-73.98496999999999,40.744019,CSH,4.0,0.5,0.5,0.0,0.0,5.0
11815B094F2F5B2399C3FB55263E5E00,C05B8D7C7495BA9FCE472F48F8605DEA,VTS,1,,2013-01-10 18:31:00,2013-01-10 18:38:00,5,420,0.68,-73.97028399999999,40.765575,-73.961899,40.760414000000004,CRD,6.0,1.0,0.5,1.75,0.0,9.25
C3EDEF1AFD7761BAD78546150C9B729A,E76CAA2060D796509336D723F38EF6A5,CMT,1,N,2013-01-07 12:40:21,2013-01-07 12:55:24,1,902,1.3,-74.001305,40.741364000000004,-73.988495,40.754932000000004,CRD,11.0,0.0,0.5,3.45,0.0,14.95
ADA3629402BBD4633C28221F9D241444,23A1E6B3FF2D8030986BEE0D195E51D8,VTS,1,,2013-01-20 18:07:00,2013-01-20 18:19:00,1,720,2.32,-73.98696899999999,40.72971,-74.010864,40.716324,CSH,10.5,0.0,0.5,0.0,0.0,11.0
5DA9853DAD987067CE23D9A23F693C80,41B935869FF4EC77E5B09D2B41A4E7F8,CMT,1,N,2013-01-11 08:31:43,2013-01-11 08:46:06,1,862,2.2,-74.00168599999999,40.747402,-73.974907,40.756374,CRD,11.0,0.0,0.5,1.0,0.0,12.5
273D9E06D071BABCCF313B4142C310C5,2C48B38F7C53A715055FFFF8C67C9FD5,CMT,1,N,2013-01-09 14:21:09,2013-01-09 14:31:01,1,592,1.4,-73.99475100000001,40.746421999999995,-73.97962199999999,40.759609000000005,CRD,8.5,0.0,0.5,1.8,0.0,10.8
C8132233984CB6487836B18175B5183B,561D0603B7E8B4DA5B57F8FD51298588,CMT,1,N,2013-01-02 10:22:50,2013-01-02 10:27:30,1,280,0.7,-74.008499,40.734916999999996,-73.997978,40.736958,CRD,5.0,0.0,0.5,1.1,0.0,6.6
C959A94EA00651E1243C95251D14E36F,C985E056CE9DB89817A14397190FE71F,CMT,1,N,2013-01-12 19:00:37,2013-01-12 19:25:44,1,1506,7.5,-73.973129,40.763901000000004,-74.01634200000001,40.715019,CSH,24.5,0.0,0.5,0.0,0.0,25.0
ACDC5125ADD5F3C5254DA044C6B07C96,433305524BB0A388F98B547E1E9FA8C6,CMT,1,N,2013-01-28 21:44:33,2013-01-28 21:53:47,1,554,1.8,-73.981888,40.76862,-73.967659,40.753681,CSH,8.5,0.5,0.5,0.0,0.0,9.5
8EE28DA9049CC06587FBBD00AFA9A221,AFB2CCDBF58CEFC7B5B05524A5112EA2,VTS,1,,2013-01-21 22:27:00,2013-01-21 22:48:00,5,1260,11.11,-73.972549,40.756446999999994,-73.818939,40.725208,CSH,32.0,0.5,0.5,0.0,0.0,33.0
6A4CCEDBC4AC784C44CD7898B28F4EA9,0A4454AAAC462ECABC8FFC8429EBD2BD,VTS,1,,2013-01-17 04:01:00,2013-01-17 04:17:00,1,960,7.39,-73.987473,40.718094,-73.90637199999999,40.755493,CSH,22.5,0.5,0.5,0.0,0.0,23.5
4313CEF5E971DE658618F468688EE2C2,37E28B50650362BF901CF0E8C2FCBFA5,CMT,1,N,2013-01-08 12:57:10,2013-01-08 13:17:27,1,1216,2.9,-73.994377,40.750954,-73.963417,40.775101,CSH,14.5,0.0,0.5,0.0,0.0,15.0
25634EF33908C0FB2702C9DDC6368171,A89FF7C96A24676AE118B7D0A69751A0,VTS,1,,2013-01-13 21:47:00,2013-01-13 21:51:00,1,240,0.78,-74.007278,40.707249,-74.008278,40.714603000000004,CSH,5.0,0.5,0.5,0.0,0.0,6.0
200A56681C08951F20D67D81893C5829,58E37B1F3B8273C3A7EEE8CA8064E983,CMT,1,N,2013-01-08 17:56:54,2013-01-08 18:00:46,1,231,0.6,-74.00057199999999,40.748749,-73.990181,40.74437,CSH,5.0,1.0,0.5,0.0,0.0,6.5
A0B046BF91F9EA4A6C57ED521F902916,B831C50689380D1AC97B0EE4846C6A04,VTS,1,,2013-01-26 13:10:00,2013-01-26 13:13:00,4,180,0.62,-73.952225,40.77729,-73.957901,40.769489,CSH,4.0,0.0,0.5,0.0,0.0,4.5
2B09998D578ECE19E15EA6C9FE5AEF16,7182094D6D0E6C605CD55F1A708EEC7E,VTS,1,,2013-01-04 10:35:00,2013-01-04 10:56:00,1,1260,8.5,-74.009941,40.720406,-73.959785,40.771229,CRD,26.5,0.0,0.5,5.3,0.0,32.3
2B271011AACF595FC04B45D811B555DC,071CFCB592328CF19A8224222B9A3558,CMT,1,N,2013-01-17 23:54:31,2013-01-17 23:56:08,1,96,0.3,-73.98159799999999,40.724517999999996,-73.981895,40.727703000000005,CSH,3.5,0.5,0.5,0.0,0.0,4.5
ED4709225C7DD98FA08878BF5AEB8A1B,7ADA0171D8FD351CE460D520CAC729D5,VTS,1,,2013-01-29 21:59:00,2013-01-29 22:05:00,1,360,1.21,-74.00286899999999,40.728142,-73.98383299999999,40.721443,CRD,6.5,0.5,0.5,2.1,0.0,9.6
27DB4CBA0EE7D99A61538FF5F92B2C07,A7A08DBAE256CB34C26190E58E2E8350,CMT,1,N,2013-01-30 22:53:24,2013-01-30 22:59:49,3,385,1.7,-73.98490100000001,40.757656,-73.987335,40.738147999999995,CRD,7.5,0.5,0.5,2.1,0.0,10.6
25096C17748A17D0DB7322B74F969644,4055CA759BF8367C6FD73BF4A57A3AFF,CMT,1,N,2013-01-08 16:13:16,2013-01-08 16:19:18,3,361,0.9,-73.983223,40.763615,-73.988235,40.750755,CSH,6.0,1.0,0.5,0.0,0.0,7.5
34BDFF5F649216AB5AFB3F03F50417CD,53CD6887354F8CD56A25FB43EA58E8B0,VTS,1,,2013-01-16 22:36:00,2013-01-16 23:06:00,6,1800,9.3,-73.986816,40.739521,-73.85333299999999,40.736649,CSH,30.5,0.5,0.5,0.0,0.0,31.5
6B53BBA9567F90BD8A4130FEE57F703A,A21EF85E38B13F676E69C40A0127654B,VTS,1,,2013-01-25 20:10:00,2013-01-25 20:30:00,1,1200,3.31,-73.98981500000001,40.733608000000004,-73.966698,40.769775,CSH,14.5,0.5,0.5,0.0,0.0,15.5
8D308B314876DCEF11D298291B38A76D,CB38DB221CB82380375A46BF8B925C6F,CMT,1,N,2013-01-04 23:37:37,2013-01-04 23:47:05,1,567,1.2,-74.006378,40.738808,-73.992981,40.727740999999995,CRD,8.0,0.5,0.5,1.0,0.0,10.0
1E7098E0B2D31B025972EDE3F2CEE624,58B5CC0F32E2F2F09BD6F6610A2672D8,CMT,1,N,2013-01-12 18:25:29,2013-01-12 18:28:44,1,194,0.5,-73.996872,40.734772,-73.993462,40.739185,CRD,4.0,0.0,0.5,3.0,0.0,7.5
2492B535DF3A4A9CD3F682B3E0D3948B,7B7F23495CDDB96C865E058246982FB5,VTS,1,,2013-01-22 08:47:00,2013-01-22 08:58:00,4,660,1.57,-74.007286,40.748234000000004,-74.008377,40.735741,CRD,9.0,0.0,0.5,1.0,0.0,10.5
4018E4BAAF8421F30ADDC502F5BE67EA,435DF0CECA95F4EF6DB0BC64E328B7F6,VTS,1,,2013-01-16 16:15:00,2013-01-16 16:17:00,5,120,0.46,-73.98307,40.738907,-73.98188,40.743176,CSH,3.5,1.0,0.5,0.0,0.0,5.0
23741401A758FA92491AA753522F269E,DE55EF1ECD21286D0DAF039E9675376E,VTS,1,,2013-01-31 17:10:00,2013-01-31 17:19:00,2,540,2.07,-73.964798,40.806892,-73.978523,40.78326,CSH,9.5,1.0,0.5,0.0,0.0,11.0
E707F2439AABA4204DB570C833F6BF62,381656D8D52DBF98B46D20A2B951B891,CMT,1,N,2013-01-04 22:06:53,2013-01-04 22:13:26,1,392,1.0,-74.00705,40.728190999999995,-74.001465,40.741013,CRD,6.5,0.5,0.5,1.5,0.0,9.0
5875A840980EFBE65913A6D944BA2FD2,D419D7683D985AF1E6AE25B5CED001C7,CMT,1,N,2013-01-22 19:22:15,2013-01-22 19:28:06,1,350,0.6,-73.992599,40.751713,-73.99585,40.744156,CRD,5.5,1.0,0.5,1.5,0.0,8.5
ACF4C5D8919D82E562852208E1AF3AF9,6CFAFCAED97FA26B59FACE61BD03C89B,VTS,1,,2013-01-12 22:47:00,2013-01-12 23:10:00,5,1380,4.61,-73.982422,40.772304999999996,-74.006592,40.722706,CRD,19.0,0.5,0.5,3.9,0.0,23.9
ABFFBD94F3765C8B2E0ACA45F4EA5819,4C66CCCB2AF3032A8FD55644AD62B54E,VTS,1,,2013-01-22 13:15:00,2013-01-22 13:28:00,1,780,2.39,-73.97910300000001,40.750603000000005,-74.000648,40.722225,CRD,11.0,0.0,0.5,2.0,0.0,13.5
C0A163F0F8C07CDBABE65395EFDB06F9,283615A2D05B33238EECAF0D0083B21D,CMT,1,N,2013-01-31 12:32:05,2013-01-31 12:44:02,1,716,1.6,-73.976791,40.751571999999996,-73.966103,40.771042,CSH,9.0,0.0,0.5,0.0,0.0,9.5
BC397D621B1BB0327123CF41BA8E5014,B9ABA6D53ABC18AC895D60A5F9670966,CMT,1,N,2013-01-26 20:03:21,2013-01-26 20:08:54,1,333,0.7,-73.991043,40.739048,-73.993736,40.73061,CRD,5.5,0.5,0.5,0.5,0.0,7.0
D2EF609E0144B2FF8BA7A1785E4EED7D,FF0687D264FD797E37C4B0590A8A9A9D,VTS,1,,2013-01-21 14:30:00,2013-01-21 14:42:00,1,720,4.51,-74.007988,40.707027000000004,-73.986099,40.740505,CRD,15.5,0.0,0.5,3.1,0.0,19.1
F15B9575033DDAD9851DDDCC0E1353B1,CAF635E958171FDCCA2BCA9245058E72,VTS,1,,2013-01-09 17:31:00,2013-01-09 17:38:00,1,420,1.15,-73.988304,40.740947999999996,-73.978523,40.755043,CSH,7.0,1.0,0.5,0.0,0.0,8.5
5254969FC7ED450727F8AACD94CAB71E,CBCE9C6235B35153486129400262DFC0,VTS,1,,2013-01-27 22:53:00,2013-01-27 23:19:00,3,1560,11.61,-73.874588,40.773941,-73.995369,40.759605,CRD,34.5,0.5,0.5,3.5,4.8,43.8
ABA35D2B038DCFBE042FB77F6DC49C88,8DE33EF3E5CB7001FBEEF2C47015A082,VTS,1,,2013-01-18 20:22:00,2013-01-18 20:39:00,2,1020,2.78,-74.00795,40.717009999999995,-74.004372,40.740612,CSH,12.0,0.5,0.5,0.0,0.0,13.0
52F7DFB1F9241E2E8D35A0CADA8A3E7E,DF15F60FAAAC23B50A989F6A86D91E97,CMT,1,N,2013-01-30 16:56:06,2013-01-30 17:06:27,1,620,2.2,-73.980125,40.765361999999996,-74.005196,40.746513,CRD,9.5,1.0,0.5,2.75,0.0,13.75
01D8C877762B42B4F375E1449019CC79,BE8D955F6123A74545D2194D9BB04082,VTS,1,,2013-01-07 16:59:00,2013-01-07 17:06:00,1,420,0.87,-73.99445300000001,40.734615000000005,-73.981491,40.732754,CRD,6.0,1.0,0.5,1.0,0.0,8.5
C76AB9E3B27A5CC4F7087CFB109F51AE,9780306A82C2AE5375A31AB6D89001AA,CMT,1,N,2013-01-12 04:06:53,2013-01-12 04:16:10,1,556,2.8,-73.980202,40.775566,-73.981163,40.744583,CRD,10.5,0.5,0.5,2.3,0.0,13.8
DEC6A3CCDA136951764B120CD09018A6,CA5284AFD24B89CC74CE6A60181F182F,VTS,1,,2013-01-11 18:39:00,2013-01-11 18:49:00,1,600,1.81,-73.97485400000001,40.753391,-73.984489,40.732983000000004,CSH,8.5,1.0,0.5,0.0,0.0,10.0
E1E2D94B0562F90D356D3C4B14CF229E,8F1209308C3ED4557EAC202094BA8068,CMT,1,N,2013-01-17 18:45:46,2013-01-17 19:00:28,1,881,1.9,-74.006187,40.744591,-73.99430799999999,40.724872999999995,CRD,11.0,1.0,0.5,1.0,0.0,13.5
714EC144CAADB8129B9B7786A0077DFD,39618EA2A43109D65C0A055C62AB2B11,VTS,1,,2013-01-25 09:17:00,2013-01-25 09:27:00,1,600,1.23,-73.990768,40.756367,-73.99575,40.746738,CSH,8.0,0.0,0.5,0.0,0.0,8.5
82F1C4DF48DE2D6BD00DCA7C4717501F,94EA7FFB4D3CC500AC7E68DB7CA3C8A0,CMT,1,N,2013-01-22 22:49:59,2013-01-22 23:10:49,1,1249,9.8,-73.885338,40.773078999999996,-73.990379,40.731173999999996,CRD,29.5,0.5,0.5,9.15,0.0,39.65
310BD49048FEFE1DC327D71B14EE30F6,55868F926938506EA29C67AEF7EE8825,VTS,1,,2013-01-14 11:19:00,2013-01-14 11:34:00,2,900,5.27,-73.995888,40.759251,-74.007233,40.70536,CRD,18.0,0.0,0.5,3.6,0.0,22.1
BB26BD0D50BF8C5531FE00309A2D0358,947BE6C852D3EB36C376775923EA1495,CMT,1,N,2013-01-26 10:56:54,2013-01-26 11:05:23,1,509,1.4,-74.006012,40.736216999999996,-73.985168,40.727913,CRD,7.5,0.0,0.5,1.0,0.0,9.0
03E147B9675557325B8C7EBC717E0F46,B5B2BA7BF099AC28D64F06FFE24E347A,VTS,1,,2013-01-22 23:47:00,2013-01-22 23:57:00,5,600,2.7,-73.980385,40.753315,-73.979591,40.781483,CRD,11.0,0.5,0.5,2.3,0.0,14.3
BABFF71528A4F6FABD47BA80C8457A00,A7C47E60941315A0E1B18190584F1B8F,VTS,1,,2013-01-07 21:33:00,2013-01-07 21:43:00,1,600,2.2,-73.98665600000001,40.755367,-73.974373,40.778048999999996,CRD,10.0,0.5,0.5,2.1,0.0,13.1
B07B48ED228A72B1233B03D9A2A156D6,A0D31D3E82405D725919381774BC40F2,CMT,1,N,2013-01-08 09:52:53,2013-01-08 10:12:12,1,1159,3.5,-73.955368,40.820152,-73.961967,40.779755,CSH,16.0,0.0,0.5,0.0,0.0,16.5
4EA574A87C85CE75E1D8DEACA8BE324C,80C89797214A5529D03E7A697D6FAF3B,CMT,1,N,2013-01-07 20:50:15,2013-01-07 20:55:00,1,284,1.0,-73.956429,40.787037,-73.953987,40.775528,CSH,5.5,0.5,0.5,0.0,0.0,6.5
E567CC90665D319CB2A6BE6F97A4BD4E,433985339DD8D7BD7401FE10F55F3BB5,CMT,1,N,2013-01-02 22:47:52,2013-01-02 22:54:31,1,399,1.6,-73.989273,40.737365999999994,-73.993706,40.719482,CRD,7.5,0.5,0.5,1.7,0.0,10.2
95EED289585F63FF3E6D1F81EE2BD137,208A3FD264C387FAFD3CDA86C8E16B53,CMT,1,N,2013-01-13 08:30:13,2013-01-13 08:40:54,1,640,3.2,-73.952637,40.76852,-73.991974,40.750735999999996,CRD,12.0,0.0,0.5,3.12,0.0,15.62
EA51496CF24351897B5F1361928397FC,F1A273E5E1D3DCF0156C3C3C34A81F26,CMT,1,N,2013-01-24 09:57:02,2013-01-24 10:04:28,1,446,1.1,-73.991325,40.73917,-73.997047,40.72493,CRD,7.0,0.0,0.5,1.5,0.0,9.0
1F2D2A9CE30FEEFD73783E5140FB97DB,4A8074EAE3003119C614D0C3473B2CA9,VTS,1,,2013-01-31 15:22:00,2013-01-31 15:31:00,1,540,1.63,-73.99695600000001,40.742259999999995,-74.00765200000001,40.726547,CRD,8.5,0.0,0.5,2.12,0.0,11.12
CB058D43CBC4E54EDE1A6A6028CB3FFF,D29E05DA70AC71F64CCDC4A493525FF4,VTS,1,,2013-01-06 02:11:00,2013-01-06 02:15:00,5,240,0.98,-74.003395,40.733543,-74.001511,40.741146,CRD,5.0,0.5,0.5,1.1,0.0,7.1
8D94D22A89832673875F92B80ADB012E,E4F221BA054D67ADDF14FD8A37386F02,CMT,1,Y,2013-01-10 20:05:02,2013-01-10 20:10:39,1,336,2.4,-73.999184,40.754433,-73.976776,40.785221,CRD,8.5,0.5,0.5,1.5,0.0,11.0
DE5C065BBC7178FE18DE628D27B34FCA,467B4970FF1BDDC0C8D6C6AAD6946A59,VTS,1,,2013-01-02 15:13:00,2013-01-02 15:36:00,1,1380,5.35,-74.00705,40.728077,-73.958832,40.783394,CSH,19.5,0.0,0.5,0.0,0.0,20.0
6D431EBCC5BCF005EE2C8BDE9E5168C7,BBE9C0079B9953E6AC43C4BF0054F2D8,CMT,1,N,2013-01-05 12:51:58,2013-01-05 12:57:57,2,358,1.0,-73.97040600000001,40.755978000000006,-73.96174599999999,40.766129,CSH,6.5,0.0,0.5,0.0,0.0,7.0
CCAED6144CED7AB12EC1DB12FCCB4016,25724E86ACBBCF10EF7F4472937C6959,VTS,1,,2013-01-26 13:23:00,2013-01-26 13:27:00,2,240,0.87,-73.94725,40.784447,-73.960838,40.807133,CSH,5.0,0.0,0.5,0.0,0.0,5.5
9364D7B4997CF34F9FA76664DD20E0EE,8EC333279D1A8F0B9198A9616857DFBF,VTS,1,,2013-01-29 10:16:00,2013-01-29 10:25:00,1,540,1.24,-73.997917,40.735893,-73.984741,40.745564,CRD,7.5,0.0,0.5,1.0,0.0,9.0
ADD6E39E5D734FB5873571F2270492CA,2784E03E8326124F825526BE6EBE1749,CMT,1,N,2013-01-05 20:03:16,2013-01-05 20:14:29,1,673,1.8,-74.004074,40.747879,-73.979378,40.751488,CRD,10.0,0.5,0.5,2.0,0.0,13.0
9435700DB40ABD81B546653C8BA9AA2B,7B4F131C877997B2112BD4D64B87FA88,VTS,1,,2013-01-20 01:12:00,2013-01-20 01:23:00,1,660,1.65,-73.992058,40.750401000000004,-74.000916,40.729488,CRD,8.5,0.5,0.5,2.25,0.0,11.75
92FCFAC3FA6AA515C10944A5AD32BC25,7B67BEBB3E5D22C87EC76B7635F5E0BA,CMT,1,N,2013-01-14 09:11:35,2013-01-14 09:25:02,1,807,1.6,-73.97879,40.761478000000004,-74.001205,40.757076,CRD,10.0,0.0,0.5,2.1,0.0,12.6
E787F1A56FE4D512C65454A82CAB9CB9,11E6EBBCCC355D0CF6543FEB8472DF73,VTS,1,,2013-01-02 18:03:00,2013-01-02 18:15:00,1,720,1.23,-74.009056,40.723797,-74.000404,40.728634,CRD,9.0,1.0,0.5,2.0,0.0,12.5
80393A581AAE36837B842327B621A12B,EC9B3F94FF5A3FD096B3B6980C8320C0,VTS,1,,2013-01-31 18:34:00,2013-01-31 18:44:00,1,600,1.54,-73.99704,40.723804,-73.980576,40.714127000000005,CSH,8.5,1.0,0.5,0.0,0.0,10.0
C6AFA0B92990C6669658736496897C4D,D8782E207CA6EE65A6FBAE5425B1D0B6,CMT,1,N,2013-01-15 20:46:46,2013-01-15 20:50:15,1,208,0.6,-74.00131999999999,40.7314,-74.003693,40.738167,CRD,4.5,0.5,0.5,1.1,0.0,6.6
BB73239609D520BBAB248020103AEEC6,001EEDEA00E57988EF5213BCDD0D6B7C,CMT,1,N,2013-01-26 14:44:02,2013-01-26 14:53:35,1,573,1.3,-73.995918,40.76939,-73.985069,40.760104999999996,CRD,8.0,0.0,0.5,2.55,0.0,11.05
00A74F4CAB098B3A345A580BFCEEA467,A2B580922A9DC7AB01A93189B1C84076,VTS,1,,2013-01-13 19:16:00,2013-01-13 19:26:00,2,600,2.88,-73.974289,40.763157,-73.94413,40.784012,CSH,10.5,0.0,0.5,0.0,0.0,11.0
75BD71C969232A274A5BE77701865594,B682A199F41ED9EEEAF59104FA144602,VTS,1,,2013-01-19 21:22:00,2013-01-19 21:30:00,1,480,1.79,-73.997864,40.756199,-73.984818,40.742290000000004,CSH,8.0,0.5,0.5,0.0,0.0,9.0
B3477BC013CCE4D6E58E84248DFDEE5B,6D7701C51B7F08ADE969B8A1C5C675E4,CMT,1,N,2013-01-01 12:50:39,2013-01-01 12:58:40,1,481,1.6,-73.99542199999999,40.759365,-73.976646,40.748238,CSH,8.0,0.0,0.5,0.0,0.0,8.5
23A89BC906FBB8BD110677FBB0B0A6C5,4485E02DFCA7AED083E766D669A4220C,CMT,1,N,2013-01-31 20:32:24,2013-01-31 20:35:21,1,176,0.8,-73.986137,40.75885,-73.986343,40.75201,CRD,4.5,0.5,0.5,1.1,0.0,6.6
34224A062D92A79503E6A227130415E1,58F210575BE7D304BA1C780CC6D51515,VTS,1,,2013-01-23 07:58:00,2013-01-23 08:04:00,1,360,0.64,-73.96929899999999,40.757678999999996,-73.97847,40.759838,CRD,5.5,0.0,0.5,1.0,0.0,7.0
94244A84A5BEACC08C2FC63A6C475713,7A2600EBDEA2E93D673B387978F58EFD,CMT,1,N,2013-01-22 15:51:33,2013-01-22 16:00:35,1,542,2.3,-73.975449,40.751869,-74.004715,40.742004,CRD,9.5,0.0,0.5,2.0,0.0,12.0
0CFA82B6C8EBE798637305981D3C557E,DECD21ECB710348ED2DC5CADC093C669,VTS,1,,2013-01-12 23:15:00,2013-01-12 23:33:00,2,1080,5.25,-73.999229,40.728256,-73.948509,40.778209999999994,CRD,17.5,0.5,0.5,0.0,0.0,18.5
BBA520CCCBCF54BE503F767CCA01DFE7,05B47A803C3BB55BDF6B75ED2EA462A5,VTS,1,,2013-01-23 21:17:00,2013-01-23 21:30:00,6,780,3.63,-73.995979,40.736244,-73.985596,40.771316999999996,CRD,13.5,0.5,0.5,2.8,0.0,17.3
57779CD5CD285C7A7AFB992A6F0B0A09,5945A9D008E4916FE33FDAE98CC9C64A,CMT,1,N,2013-01-25 03:58:12,2013-01-25 04:04:08,1,355,1.5,-73.977364,40.74942,-73.999077,40.761127,CRD,7.0,0.5,0.5,1.6,0.0,9.6
6ACF67FB47A701BE6DBDEC0634F1324F,6D48B9209E5958A52DDCA607A6E1A4B8,CMT,1,N,2013-01-28 11:03:20,2013-01-28 11:11:05,1,464,1.1,-73.988007,40.732044,-74.003113,40.740059,CSH,7.0,0.0,0.5,0.0,0.0,7.5
DEFA1F76D7BBCBA36BFC8AE6EA26C790,04D467BE1823539FBB3404FD830CE6ED,VTS,1,,2013-01-16 10:44:00,2013-01-16 10:57:00,1,780,2.01,-73.99649000000001,40.723331,-73.976089,40.749432,CRD,10.5,0.0,0.5,2.62,0.0,13.62
469B05FDC2782455C93801D6C849731B,E5A7434100DE90FD603CBF4A2B578CD4,VTS,1,,2013-01-27 03:42:00,2013-01-27 03:49:00,1,420,1.09,-73.9627,40.754397999999995,-73.9627,40.754397999999995,CRD,6.5,0.5,0.5,1.3,0.0,8.8
03D021ECDC4AA66070C998138BFA374A,ABBA066F5FA9C879C9F99BE8A1BD2EED,CMT,1,N,2013-01-03 18:02:37,2013-01-03 18:26:07,1,1409,4.8,-73.993607,40.732449,-73.967537,40.787769,CRD,19.5,1.0,0.5,3.0,0.0,24.0
2392806204228D4E5ADFFD8191827698,95BA54A7E3AB20B6EE3C3ADBAA917EE1,CMT,1,N,2013-01-27 22:24:22,2013-01-27 22:27:59,1,217,0.8,-73.990723,40.730568,-73.985283,40.740608,CSH,5.0,0.5,0.5,0.0,0.0,6.0
F6F7D02179BE915B23EF2DB57836442D,EC58FBD48DFDEA964EDBFB4CB340A022,VTS,1,,2013-01-13 18:22:00,2013-01-13 18:28:00,5,360,1.51,-73.988724,40.778015,-73.98030899999999,40.743347,CSH,7.0,0.0,0.5,0.0,0.0,7.5
20AE71AC8FA180E6B0E9CB749BB8F055,F0795125F7CA92609AA0D8A1527B8A47,CMT,1,N,2013-01-21 12:33:28,2013-01-21 12:38:38,1,310,1.2,-73.962372,40.776447,-73.97699,40.765797,CSH,6.5,0.0,0.5,0.0,0.0,7.0
2963DBE8528AAB67776DE63A48482AC1,8BF2F2FB341011F4B50A3F617342E535,VTS,1,,2013-01-30 08:24:00,2013-01-30 08:30:00,6,360,1.03,-73.97274,40.764942,-73.982025,40.751858,CSH,6.0,0.0,0.5,0.0,0.0,6.5
516F18EF88A8704297E767AF08211E88,D0116AD2DC907C3AD81E90EEE4DDC751,VTS,1,,2013-01-24 10:19:00,2013-01-24 10:24:00,1,300,0.73,-73.961784,40.756134,-73.964424,40.762341,CSH,5.5,0.0,0.5,0.0,0.0,6.0
1AECBA4B3EF8527E119D8887439485C1,312A73E33B945D513A5031CD6BB6E49D,VTS,1,,2013-01-12 11:21:00,2013-01-12 11:31:00,1,600,2.3,-73.980721,40.738338,-73.968346,40.764652000000005,CRD,10.0,0.0,0.5,2.0,0.0,12.5
05C055953C367FC0355F444952A71D36,91F573DC54C588F36008789A536026AD,CMT,1,N,2013-01-02 07:57:17,2013-01-02 08:03:55,1,398,1.3,-73.98867800000001,40.778605999999996,-73.98119399999999,40.765446000000004,CSH,6.5,0.0,0.5,0.0,0.0,7.0
B5AAD925E9F6366BEFFA3B2BE8EAA87C,67015E0139F44F19C3AF4D1821E70B27,VTS,1,,2013-01-17 19:36:00,2013-01-17 19:45:00,2,540,1.62,-73.96869699999999,40.798618,-73.952209,40.777889,CSH,8.5,1.0,0.5,0.0,0.0,10.0
DA36057B02FD6F1FABD84F9DEC6F3A66,A6387D11C2B7049BE0D1D7B0AD2C8562,VTS,1,,2013-01-01 14:43:00,2013-01-01 14:50:00,1,420,2.71,-73.961815,40.805683,-73.981544,40.773354,CRD,9.5,0.0,0.5,1.0,0.0,11.0
7B9F761F79EC9316EF4010337C1B7029,95FF48E4CF5F5F51C6118513EECC99FE,CMT,1,Y,2013-01-24 14:55:27,2013-01-24 15:03:56,1,509,1.0,-73.964607,40.772971999999996,-73.962326,40.766384,CSH,7.0,0.0,0.5,0.0,0.0,7.5
87A187485FA9EAD94816502F24D7D9BE,5B41EC30E49D9F5B74E3828A38AF01EA,CMT,1,N,2013-01-23 21:11:05,2013-01-23 21:16:35,1,330,1.0,-74.005928,40.70599,-73.99015,40.713631,CRD,6.0,0.5,0.5,1.4,0.0,8.4
F3272C936A648041DF7E5AE7401C3E5B,BA82DF988C332B43794FE3EBC78F7D50,VTS,1,,2013-01-13 02:30:00,2013-01-13 02:35:00,1,300,0.85,-73.99225600000001,40.721153,-73.9814,40.724869,CSH,5.5,0.5,0.5,0.0,0.0,6.5
F98DB516472D0C0350B6667CCFD2F4B2,43E31DE53585CD3A7AA8AD000F249EB9,VTS,1,,2013-01-12 16:11:00,2013-01-12 16:24:00,1,780,1.13,-73.987053,40.767555,-73.98700699999999,40.755775,CSH,9.5,0.0,0.5,0.0,0.0,10.0
58A836AD639867DB949723BA2A941734,2B44BF3CE750044798BBA5BCBFCEB118,VTS,1,,2013-01-19 00:33:00,2013-01-19 00:49:00,1,960,2.71,-74.002296,40.733471,-73.996094,40.759846,CSH,13.0,0.5,0.5,0.0,0.0,14.0
